{
  "cbf_mean": 13.90184211730957,
  "cbf_std": 26.0418643951416,
  "cbf_median": 0.0,
  "att_mean": 971.7823486328125,
  "att_std": 803.2989501953125,
  "att_median": 944.20849609375,
  "n_brain_voxels": 52907,
  "gm_cbf_mean": 27.077478408813477,
  "gm_cbf_std": 27.228544235229492,
  "gm_att_mean": 1484.0631103515625,
  "gm_att_std": 530.5693359375
}