{
  "cbf_mean": 12.474790573120117,
  "cbf_std": 27.979576110839844,
  "cbf_median": 0.0,
  "att_mean": 683.337646484375,
  "att_std": 707.633544921875,
  "att_median": 472.11981201171875,
  "n_brain_voxels": 57188,
  "gm_cbf_mean": 29.432655334472656,
  "gm_cbf_std": 31.683753967285156,
  "gm_att_mean": 1155.699462890625,
  "gm_att_std": 483.6174621582031
}