{
  "shape_vector_mean": [
    -0.708933057212285,
    0.10527786281741401,
    0.4715124625509664,
    0.29208082823248,
    -0.15993809638855377,
    -1.0301021373047667,
    0.5884435908790534,
    0.775767002905792,
    0.24895902303728168,
    -0.5830674795174096
  ],
  "shape_vector_std": [
    1.0825521583166116,
    0.8664694125858573,
    0.5416079705849227,
    0.7554089863086928,
    1.1662037612497564,
    1.0128844187584929,
    0.612837268051162,
    0.4128771890404119,
    0.6642354312616449,
    0.7524709262555911
  ],
  "y_mean_cbf": 60.02453194590395,
  "y_std_cbf": 23.093440590137526,
  "y_mean_att": 1750.7491744090603,
  "y_std_att": 721.3532345929204,
  "y_mean_t1": 1850.0216887803072,
  "y_std_t1": 115.47054948821987,
  "scalar_features_mean": [
    0.005953037971264221,
    0.006162783642588419,
    0.0020205786326315243,
    0.0012900464566393964,
    0.008583496859116408,
    0.0076462081361578565,
    2.3289299999999677,
    1.9400060000000452,
    2.3033679914204814,
    1.989446454085205,
    0.09002836897601392,
    0.09354905996144405
  ],
  "scalar_features_std": [
    0.0038250780625113095,
    0.0027640167538850392,
    0.001004223362660668,
    0.0005204658447748352,
    0.004955892875422118,
    0.003223473338169973,
    1.374893834119599,
    0.9129111238034059,
    0.5969658992114361,
    0.21859905230758742,
    0.04832453141714484,
    0.04515316586204403
  ]
}