{
  "shape_vector_mean": [
    -0.6997154013739786,
    -0.14413638606483622,
    0.1696049788511982,
    0.2687234083620595,
    0.27359706590213173,
    0.13192633432337403,
    -1.1516816869416804,
    0.49705343511906924,
    0.8842607910608971,
    0.5946818285362638,
    -0.03240364864337968,
    -0.7919107191312267
  ],
  "shape_vector_std": [
    1.0087055860811216,
    0.9340668952274642,
    0.7731397546583508,
    0.6148670883876212,
    0.8384867186183403,
    1.3107098301730438,
    1.0566595757921928,
    0.6218673106532482,
    0.3267302895951545,
    0.5146090676477096,
    0.6307100904918029,
    0.6159382641656544
  ],
  "y_mean_cbf": 59.987630654269296,
  "y_std_cbf": 23.107220168577665,
  "y_mean_att": 2249.4244841336013,
  "y_std_att": 1010.5015623948768,
  "y_mean_t1": 1850.059001767417,
  "y_std_t1": 115.46448982319734,
  "scalar_features_mean": [
    0.0043258879130504985,
    0.0018478662830075955,
    0.006276519236466552,
    0.0013549141897034975,
    3.1481250000000904,
    2.1788839999999796,
    3.1608191067200626,
    2.4320378467110966,
    0.006933517230604861,
    0.007869224145182582
  ],
  "scalar_features_std": [
    0.00357852982462022,
    0.0011125285101273633,
    0.0028353884218971542,
    0.0005486349125907701,
    1.722718776926412,
    0.8885226584302702,
    0.9672960942166284,
    0.27573079294687197,
    0.0050041365510470285,
    0.003268113689771507
  ]
}