{
  "cbf_mean": 17.435304641723633,
  "cbf_std": 30.559926986694336,
  "cbf_median": 0.0,
  "att_mean": 806.0195922851562,
  "att_std": 751.6285400390625,
  "att_median": 694.41015625,
  "n_brain_voxels": 50059,
  "gm_cbf_mean": 37.27367401123047,
  "gm_cbf_std": 31.61054229736328,
  "gm_att_mean": 1270.37060546875,
  "gm_att_std": 520.4998779296875
}