{
  "cbf_mean": 36.791072845458984,
  "cbf_std": 44.4310302734375,
  "cbf_median": 17.34639549255371,
  "att_mean": 1209.9388427734375,
  "att_std": 463.08612060546875,
  "att_median": 1150.525634765625,
  "n_brain_voxels": 55046,
  "gm_cbf_mean": 80.22274780273438,
  "gm_cbf_std": 36.19223403930664,
  "gm_att_mean": 1209.5648193359375,
  "gm_att_std": 400.4611511230469
}