{
  "model_dir": "/home/akondep1/asl-multiverse/amplitude_ablation_v7/A_Baseline_SpatialASL",
  "model_class": "SpatialASLNet",
  "n_phantoms": 100,
  "ls_subsample": 0.2,
  "summary": {
    "snr_2": {
      "nn_cbf_nBias": 31.087830587923527,
      "nn_cbf_CoV": 20.1202179145813,
      "nn_cbf_nRMSE": 38.01570288658142,
      "nn_cbf_MAE": 20.02929816246033,
      "nn_att_nBias": -1.2752306920289993,
      "nn_att_CoV": 25.90289023399353,
      "nn_att_nRMSE": 28.20929870605469,
      "nn_att_MAE": 327.9466914367676,
      "ls_cbf_nBias": 15.331344691784228,
      "ls_cbf_CoV": 18.00556946982829,
      "ls_cbf_nRMSE": 23.773879318666857,
      "ls_cbf_MAE": 12.981803953898503,
      "ls_att_nBias": -3.6849326276186245,
      "ls_att_CoV": 29.99411783673318,
      "ls_att_nRMSE": 32.84268013486299,
      "ls_att_MAE": 409.2868354407554,
      "cbf_win_rate": 23.542124542124547,
      "att_win_rate": 64.15140415140417
    },
    "snr_3": {
      "nn_cbf_nBias": 22.117435877919196,
      "nn_cbf_CoV": 13.554156379699707,
      "nn_cbf_nRMSE": 26.756502561569214,
      "nn_cbf_MAE": 14.033282356262207,
      "nn_att_nBias": 0.7025654311105609,
      "nn_att_CoV": 23.046193571090697,
      "nn_att_nRMSE": 24.958199982643126,
      "nn_att_MAE": 265.468491897583,
      "ls_cbf_nBias": 7.559949024698545,
      "ls_cbf_CoV": 12.078493477756735,
      "ls_cbf_nRMSE": 14.363953675477248,
      "ls_cbf_MAE": 7.702375452630991,
      "ls_att_nBias": -1.957243615709962,
      "ls_att_CoV": 26.464277074415982,
      "ls_att_nRMSE": 28.505554121141135,
      "ls_att_MAE": 323.3158286635921,
      "cbf_win_rate": 21.024420024420024,
      "att_win_rate": 61.08180708180709
    },
    "snr_5": {
      "nn_cbf_nBias": 13.473660147432238,
      "nn_cbf_CoV": 8.831043481826782,
      "nn_cbf_nRMSE": 17.419838614463806,
      "nn_cbf_MAE": 9.391682424545287,
      "nn_att_nBias": 1.8771872969181276,
      "nn_att_CoV": 19.39450498342514,
      "nn_att_nRMSE": 20.869060115814207,
      "nn_att_MAE": 198.98322883605957,
      "ls_cbf_nBias": 3.0638572522069647,
      "ls_cbf_CoV": 7.1645161279979614,
      "ls_cbf_nRMSE": 7.86999610750458,
      "ls_cbf_MAE": 4.167078150848853,
      "ls_att_nBias": 0.04443741070526395,
      "ls_att_CoV": 22.581736079112662,
      "ls_att_nRMSE": 23.94092463448843,
      "ls_att_MAE": 235.57065327940944,
      "cbf_win_rate": 21.644688644688646,
      "att_win_rate": 58.05738705738706
    },
    "snr_10": {
      "nn_cbf_nBias": 4.0222737842798235,
      "nn_cbf_CoV": 5.912513675689698,
      "nn_cbf_nRMSE": 10.924903388023376,
      "nn_cbf_MAE": 6.442974221706391,
      "nn_att_nBias": 2.0503274987638,
      "nn_att_CoV": 14.680283306837081,
      "nn_att_nRMSE": 15.634728803634644,
      "nn_att_MAE": 129.66779285430908,
      "ls_cbf_nBias": 0.864479784724777,
      "ls_cbf_CoV": 3.549632506993878,
      "ls_cbf_nRMSE": 3.688561980378842,
      "ls_cbf_MAE": 1.919552834368413,
      "ls_att_nBias": 1.413148852502642,
      "ls_att_CoV": 17.39610701658704,
      "ls_att_nRMSE": 18.178487408273032,
      "ls_att_MAE": 147.83702530896718,
      "cbf_win_rate": 21.96947496947497,
      "att_win_rate": 53.965811965811966
    },
    "snr_15": {
      "nn_cbf_nBias": -0.30928557850420474,
      "nn_cbf_CoV": 6.029461158514023,
      "nn_cbf_nRMSE": 11.858681895732879,
      "nn_cbf_MAE": 7.159857880473137,
      "nn_att_nBias": 1.8642553740739822,
      "nn_att_CoV": 12.185930197238923,
      "nn_att_nRMSE": 12.90005436182022,
      "nn_att_MAE": 99.26993364334106,
      "ls_cbf_nBias": 0.3875361768885452,
      "ls_cbf_CoV": 2.4192829217034997,
      "ls_cbf_nRMSE": 2.471487359761577,
      "ls_cbf_MAE": 1.2474664125294725,
      "ls_att_nBias": 1.6883991221798305,
      "ls_att_CoV": 14.384105440269211,
      "ls_att_nRMSE": 14.939421620479628,
      "ls_att_MAE": 109.12721468173768,
      "cbf_win_rate": 15.421245421245422,
      "att_win_rate": 51.37728937728937
    },
    "snr_25": {
      "nn_cbf_nBias": -3.260265381061472,
      "nn_cbf_CoV": 6.915882850885391,
      "nn_cbf_nRMSE": 14.518043380975723,
      "nn_cbf_MAE": 8.868114679455758,
      "nn_att_nBias": 1.2681617087870836,
      "nn_att_CoV": 9.044862716197967,
      "nn_att_nRMSE": 9.486767327785492,
      "nn_att_MAE": 69.46154911041259,
      "ls_cbf_nBias": 0.11449166879428967,
      "ls_cbf_CoV": 1.5481821263621705,
      "ls_cbf_nRMSE": 1.5648709220043637,
      "ls_cbf_MAE": 0.7400409811778966,
      "ls_att_nBias": 1.486876856395426,
      "ls_att_CoV": 10.664671821179663,
      "ls_att_nRMSE": 11.006587887135879,
      "ls_att_MAE": 71.93335065823727,
      "cbf_win_rate": 8.73015873015873,
      "att_win_rate": 47.048840048840056
    }
  }
}