{
  "shape_vector_mean": [
    -0.699715505100681,
    -0.14413648979154275,
    0.16960487512449277,
    0.26872359615590174,
    0.27359735235875987,
    0.13192617125307068,
    -1.151681622008795,
    0.49705358613648065,
    0.8842608951077606,
    0.5946818311694311,
    -0.03240375874396087,
    -0.7919109316609038
  ],
  "shape_vector_std": [
    1.0087055855293408,
    0.934066956327792,
    0.773139870569032,
    0.6148668387623633,
    0.8384868696848362,
    1.310709608227799,
    1.0566595221465942,
    0.6218672194195968,
    0.3267302966965443,
    0.5146090691164056,
    0.6307100139511346,
    0.6159380913386266
  ],
  "y_mean_cbf": 59.9876403921553,
  "y_std_cbf": 23.10721614357476,
  "y_mean_att": 2249.424227620165,
  "y_std_att": 1010.5011599144166,
  "y_mean_t1": 1850.058920081685,
  "y_std_t1": 115.46458217346598,
  "scalar_features_mean": [
    0.004325888112910097,
    0.0018478664978868293,
    0.006276520057220831,
    0.0013549142777326672,
    3.148124999999914,
    2.178883000000071,
    3.160818934660964,
    2.432037811276891,
    0.006933517762501461,
    0.00786922511717219
  ],
  "scalar_features_std": [
    0.0035785296022711813,
    0.0011125282473564157,
    0.002835388262639272,
    0.0005486348392815439,
    1.7227187769264622,
    0.8885222970252362,
    0.9672958390048764,
    0.2757307681851583,
    0.005004135949232382,
    0.00326811329881245
  ]
}