{
  "shape_vector_mean": [
    -0.7089330572122996,
    0.10527786281741437,
    0.4715124625509871,
    0.2920808282324795,
    -0.1599380963885532,
    -1.030102137304809,
    0.5884435908790846,
    0.7757670029058366,
    0.24895902303727696,
    -0.5830674795173942
  ],
  "shape_vector_std": [
    1.0825521583166247,
    0.8664694125858519,
    0.5416079705849152,
    0.7554089863086987,
    1.1662037612497265,
    1.0128844187584967,
    0.6128372680511665,
    0.41287718904041276,
    0.6642354312616533,
    0.7524709262555666
  ],
  "y_mean_cbf": 60.02453194590113,
  "y_std_cbf": 23.0934405901373,
  "y_mean_att": 1750.7491744091137,
  "y_std_att": 721.3532345929473,
  "y_mean_t1": 1850.0216887803315,
  "y_std_t1": 115.47054948821972,
  "scalar_features_mean": [
    0.005953037971264433,
    0.006162783642588482,
    0.0020205786326314423,
    0.0012900464566393888,
    0.008583496859116543,
    0.007646208136157767,
    2.328929999999939,
    1.9400060000000212,
    2.3033679914204455,
    1.9894464540852188,
    0.09002836897601092,
    0.09354905996144361
  ],
  "scalar_features_std": [
    0.0038250780625112414,
    0.0027640167538851876,
    0.0010042233626606561,
    0.000520465844774825,
    0.004955892875421928,
    0.0032234733381700273,
    1.3748938341195736,
    0.91291112380341,
    0.5969658992114499,
    0.21859905230758786,
    0.048324531417144455,
    0.045153165862045604
  ]
}