{
  "snr_results": {
    "3": {
      "cbf_slope": 0.862973268235111,
      "cbf_bias": -2.2525901794433594,
      "cbf_mae": 10.606182098388672,
      "cbf_cov": 17.955116271972656,
      "att_slope": 0.997245523506294,
      "att_bias": 15.82627010345459,
      "att_mae": 51.11836242675781,
      "cbf_win_rate": 40.11568123393316,
      "att_win_rate": 84.84575835475579,
      "ls_cbf_mae": 10.86646486193095,
      "ls_att_mae": 123.88652099368137
    },
    "5": {
      "cbf_slope": 0.9985619422908517,
      "cbf_bias": 2.049499988555908,
      "cbf_mae": 8.89799976348877,
      "cbf_cov": 15.789416313171387,
      "att_slope": 0.9722410511438345,
      "att_bias": 0.8588654398918152,
      "att_mae": 58.235435485839844,
      "cbf_win_rate": 59.70437017994858,
      "att_win_rate": 73.90745501285348,
      "ls_cbf_mae": 12.546904287933367,
      "ls_att_mae": 102.03874262575872
    },
    "10": {
      "cbf_slope": 0.9675668805145933,
      "cbf_bias": -2.2470924854278564,
      "cbf_mae": 6.3229498863220215,
      "cbf_cov": 14.607856750488281,
      "att_slope": 1.0024973098911014,
      "att_bias": 7.371038913726807,
      "att_mae": 48.8088493347168,
      "cbf_win_rate": 83.26019617965926,
      "att_win_rate": 78.27826535880227,
      "ls_cbf_mae": 11.793387942338066,
      "ls_att_mae": 132.07835597444233
    },
    "15": {
      "cbf_slope": 1.0076451320026962,
      "cbf_bias": 2.8386964797973633,
      "cbf_mae": 9.166608810424805,
      "cbf_cov": 15.97778606414795,
      "att_slope": 0.9720820169133199,
      "att_bias": 3.563016891479492,
      "att_mae": 54.6009635925293,
      "cbf_win_rate": 60.11568123393316,
      "att_win_rate": 74.2159383033419,
      "ls_cbf_mae": 12.80043317441575,
      "ls_att_mae": 94.0316022006509
    },
    "25": {
      "cbf_slope": 0.9872776550338329,
      "cbf_bias": 1.9872586727142334,
      "cbf_mae": 8.220843315124512,
      "cbf_cov": 15.413745880126953,
      "att_slope": 0.9767015596316394,
      "att_bias": -6.1229963302612305,
      "att_mae": 46.35115432739258,
      "cbf_win_rate": 63.508997429305914,
      "att_win_rate": 75.51413881748073,
      "ls_cbf_mae": 11.692651602653948,
      "ls_att_mae": 82.73205104587885
    }
  },
  "loss_history": [
    0.7351012042788572,
    0.43335337001223895,
    0.3975321886151336,
    0.37730536488599553,
    0.33776702229366745,
    0.33844360224036285,
    0.305251280928767,
    0.29258040979851124,
    0.2891709665919459,
    0.28659006433431494,
    0.27273481807043387,
    0.2747479503931001,
    0.2642828447874202,
    0.2652528985988262,
    0.256662261347438,
    0.2483911753393883,
    0.24810990795146587,
    0.2432308245536893,
    0.2407610260469969,
    0.23652007032272426,
    0.23811530477778856,
    0.2324983335511629,
    0.2304315612066624,
    0.22481333620326463,
    0.22360593634982442,
    0.22271411813968836,
    0.2185022737397704,
    0.21803809286550033,
    0.21700603774813718,
    0.21757151290427806
  ],
  "kill_signals": [],
  "primary_snr": "10",
  "n_failures": 0,
  "config_path": "config/fast_experiment.yaml",
  "model_class_name": "AmplitudeAwareSpatialASLNet",
  "timestamp": "2026-03-06T23:38:59.369423"
}