{
  "cbf_mean": 11.241079330444336,
  "cbf_std": 23.681596755981445,
  "cbf_median": 0.0,
  "att_mean": 1090.3046875,
  "att_std": 934.3521728515625,
  "att_median": 1037.534912109375,
  "n_brain_voxels": 51237,
  "gm_cbf_mean": 20.92384147644043,
  "gm_cbf_std": 24.27625846862793,
  "gm_att_mean": 1716.87060546875,
  "gm_att_std": 629.289306640625
}