{
  "cbf_mean": 26.036283493041992,
  "cbf_std": 37.36687088012695,
  "cbf_median": 4.844808578491211,
  "att_mean": 1130.685302734375,
  "att_std": 439.0103759765625,
  "att_median": 1071.9630126953125,
  "n_brain_voxels": 57188,
  "gm_cbf_mean": 61.4693489074707,
  "gm_cbf_std": 33.61474609375,
  "gm_att_mean": 1180.7054443359375,
  "gm_att_std": 418.68035888671875
}