{
  "cbf_mean": 17.194257736206055,
  "cbf_std": 30.151371002197266,
  "cbf_median": 0.0,
  "att_mean": 766.7604370117188,
  "att_std": 611.211181640625,
  "att_median": 775.515625,
  "n_brain_voxels": 53065,
  "gm_cbf_mean": 36.55558395385742,
  "gm_cbf_std": 33.68313217163086,
  "gm_att_mean": 1116.199951171875,
  "gm_att_std": 416.5566101074219
}