{
  "shape_vector_mean": [
    -0.6997184914909339,
    -0.14413702922298036,
    0.1696062983825808,
    0.2687248852306815,
    0.2735978176692408,
    0.13192651943140782,
    -1.1516843528206533,
    0.49705322644261263,
    0.8842621071264966,
    0.5946830136291279,
    -0.0324031812457055,
    -0.7919108131318341
  ],
  "shape_vector_std": [
    1.0087030147557623,
    0.9340664521271732,
    0.7731407173817425,
    0.6148670593899543,
    0.8384860077536201,
    1.3107096547663737,
    1.0566559310353303,
    0.6218672163136566,
    0.326729794644129,
    0.5146079659599994,
    0.6307096152436974,
    0.6159383379107877
  ],
  "y_mean_cbf": 59.98764721172503,
  "y_std_cbf": 23.10723334669392,
  "y_mean_att": 2249.425652220212,
  "y_std_att": 1010.5002617031568,
  "y_mean_t1": 1850.0592045510298,
  "y_std_t1": 115.46438645600281,
  "scalar_features_mean": [
    0.004325886974794048,
    0.0018478638924653717,
    0.006276525294612539,
    0.001354914917863482,
    3.148126999999922,
    2.1788860000000563,
    3.1608199198992892,
    2.432038519608411,
    0.00693351161088069,
    0.00786923094191488
  ],
  "scalar_features_std": [
    0.0035785285342280555,
    0.0011125250885398623,
    0.002835388074806523,
    0.0005486354921751632,
    1.7227162830457499,
    0.8885200048417533,
    0.9672952071853201,
    0.275729875561613,
    0.0050041278091304845,
    0.0032681156380171593
  ]
}