{
    "MAE_CBF": 1.544593671798706,
    "MAE_ATT": 218.3824067020416,
    "RMSE_CBF": 1.795602586649383,
    "RMSE_ATT": 287.3578608604274,
    "RelError_CBF": 0.07722968358993529,
    "RelError_ATT": 0.24686088947707416
}