{
    "MAE_CBF": 1.0434252738952636,
    "MAE_ATT": 285.5621831325955,
    "RMSE_CBF": 1.2777795218728416,
    "RMSE_ATT": 366.35216275325683,
    "RelError_CBF": 0.05217126369476319,
    "RelError_ATT": 0.14453691087752737
}