{
    "MAE_CBF": 0.9717197418212891,
    "MAE_ATT": 378.8932505696614,
    "RMSE_CBF": 1.2073944268632266,
    "RMSE_ATT": 476.286506206524,
    "RelError_CBF": 0.04858598709106445,
    "RelError_ATT": 0.1142603259323429
}