{
  "shape_vector_mean": [
    -0.7086441739354743,
    0.10538999898314035,
    0.4714163723827551,
    0.29199396906465286,
    -0.1601561664950563,
    -1.0297054852140168,
    0.5884771119817993,
    0.7756126957923004,
    0.24885252076995426,
    -0.5832368433301296
  ],
  "shape_vector_std": [
    1.0828556798712181,
    0.8664055832698891,
    0.5415226409487623,
    0.7555436651250981,
    1.166117829352287,
    1.0132983491447687,
    0.6127734517441781,
    0.4129691195367023,
    0.664358058458723,
    0.7523853955124581
  ],
  "y_mean_cbf": 60.01370341887335,
  "y_std_cbf": 23.090287134265466,
  "y_mean_att": 1750.5033992765043,
  "y_std_att": 721.3698068250256,
  "y_mean_t1": 1849.9848984449188,
  "y_std_t1": 115.46906803103415,
  "scalar_features_mean": [
    0.005952393946119399,
    0.006161261914226452,
    0.0020203752447186763,
    0.001289766522193538,
    0.008582716080095617,
    0.00764438794015818,
    2.328577000000041,
    1.9398429999999987,
    2.3031779540421797,
    1.989363095015509,
    0.09001603154828551,
    0.09352484747586144
  ],
  "scalar_features_std": [
    0.0038242159611891827,
    0.002763814137736705,
    0.001004010547396222,
    0.0005203687009890141,
    0.004955025619064707,
    0.0032231385037778254,
    1.3750375104232495,
    0.9132952071214572,
    0.5969294330305189,
    0.21866245623482347,
    0.048313909536189074,
    0.04514941399316311
  ]
}