{
  "cbf_mean": 19.65778923034668,
  "cbf_std": 33.861995697021484,
  "cbf_median": 0.0,
  "att_mean": 742.1250610351562,
  "att_std": 706.1892700195312,
  "att_median": 624.2626953125,
  "n_brain_voxels": 55046,
  "gm_cbf_mean": 45.2641487121582,
  "gm_cbf_std": 37.61964416503906,
  "gm_att_mean": 1072.6639404296875,
  "gm_att_std": 499.25408935546875
}