{
  "timestamp": "2026-03-10T10:01:11.651635",
  "loss_history": [
    1.011668031298837,
    0.4694640435451685,
    0.38584133289581124,
    0.37840751783792365,
    0.36125805766083474,
    0.345839963402859,
    0.3607722091120343,
    0.35983084662016046,
    0.3421177101689716,
    0.33172430340633835,
    0.33876487820647483,
    0.3501097643098166,
    0.32629285094349886,
    0.3226714751055074,
    0.31966767408127006,
    0.3308380183785461,
    0.3297691566999568,
    0.3257240001545396,
    0.3219602440678796,
    0.31886052808096244,
    0.33498254071834477,
    0.32960268092709916,
    0.32715523173642713,
    0.3218342537103697,
    0.3195284410964611,
    0.3384056680424269,
    0.3351127526094747,
    0.33113814301269,
    0.330541135959847,
    0.3275129219820333
  ],
  "synthetic": {
    "3": {
      "nn_cbf_mae": 5.921212673187256,
      "nn_att_mae": 48.93320846557617,
      "ls_cbf_mae": 6.8203041287370585,
      "ls_att_mae": 126.59160188954716,
      "cbf_slope": 0.7070932269924335,
      "cbf_bias": -3.59342360496521,
      "cbf_win_rate": 64.43100604727873,
      "att_win_rate": 82.05973978376397
    },
    "10": {
      "nn_cbf_mae": 5.487544536590576,
      "nn_att_mae": 41.05051803588867,
      "ls_cbf_mae": 9.532207302798952,
      "ls_att_mae": 52.91188057611302,
      "cbf_slope": 0.8230458865807918,
      "cbf_bias": -0.6890100240707397,
      "cbf_win_rate": 68.63326933147145,
      "att_win_rate": 53.83138418572177
    },
    "25": {
      "nn_cbf_mae": 4.913425922393799,
      "nn_att_mae": 45.04970169067383,
      "ls_cbf_mae": 10.708316698062609,
      "ls_att_mae": 100.3989063646079,
      "cbf_slope": 0.9065872028133013,
      "cbf_bias": 2.106766700744629,
      "cbf_win_rate": 74.16993930739022,
      "att_win_rate": 74.54480542663335
    }
  },
  "invivo": {
    "20231030_MR1_A152": {
      "nn": {
        "gm_cbf_mean": 49.53339767456055,
        "gm_cbf_std": 13.210848808288574,
        "gm_cbf_cov": 26.670589447021484,
        "wm_cbf_mean": 37.143699645996094,
        "gm_wm_ratio": 1.3335612269818686,
        "gm_att_mean": 1152.752685546875,
        "smoothness": 3.174459218978882
      },
      "ls": {
        "gm_cbf_mean": 50.8193473815918,
        "gm_cbf_std": 18.42324447631836,
        "gm_cbf_cov": 36.25242233276367,
        "wm_cbf_mean": 15.723309516906738,
        "gm_wm_ratio": 3.232102460804927,
        "gm_att_mean": 1278.709716796875,
        "smoothness": 9.59095287322998
      }
    },
    "20231003_MR1_A142": {
      "nn": {
        "gm_cbf_mean": 46.27083969116211,
        "gm_cbf_std": 19.561918258666992,
        "gm_cbf_cov": 42.2769889831543,
        "wm_cbf_mean": 37.286895751953125,
        "gm_wm_ratio": 1.2409410533656022,
        "gm_att_mean": 1040.4029541015625,
        "smoothness": 3.1613636016845703
      },
      "ls": {
        "gm_cbf_mean": 43.049381256103516,
        "gm_cbf_std": 21.768049240112305,
        "gm_cbf_cov": 50.565303802490234,
        "wm_cbf_mean": 13.781310081481934,
        "gm_wm_ratio": 3.123751007819594,
        "gm_att_mean": 1181.064697265625,
        "smoothness": 9.251678466796875
      }
    },
    "20231016_MR1_A147": {
      "nn": {
        "gm_cbf_mean": 33.79185485839844,
        "gm_cbf_std": 20.025014877319336,
        "gm_cbf_cov": 59.259883880615234,
        "wm_cbf_mean": 34.35322189331055,
        "gm_wm_ratio": 0.9836589698440651,
        "gm_att_mean": 1717.4151611328125,
        "smoothness": 2.479097843170166
      },
      "ls": {
        "gm_cbf_mean": 24.978029251098633,
        "gm_cbf_std": 12.931951522827148,
        "gm_cbf_cov": 51.7733039855957,
        "wm_cbf_mean": 9.98517894744873,
        "gm_wm_ratio": 2.5015104268592663,
        "gm_att_mean": 1947.8883056640625,
        "smoothness": 5.953554153442383
      }
    }
  },
  "checks": {
    "synth_sanity": true,
    "synth_nn_wins_cbf": true,
    "synth_nn_wins_att": true,
    "physio_pass": false,
    "cov_wins": "True",
    "smooth_wins": "True",
    "concordance": "True",
    "overall": false,
    "nn_cov_avg": 42.73582077026367,
    "ls_cov_avg": 46.1970100402832,
    "nn_smooth_avg": 2.9383068879445395,
    "ls_smooth_avg": 8.265395164489746,
    "nn_cbf_avg": 43.19869740804037,
    "nn_ratio_avg": 1.1860537500638453,
    "nn_att_avg": 1303.5236002604167
  }
}