{
  "cbf_mean": 31.364879608154297,
  "cbf_std": 39.0870475769043,
  "cbf_median": 15.601200103759766,
  "att_mean": 1238.8369140625,
  "att_std": 498.6515808105469,
  "att_median": 1154.99755859375,
  "n_brain_voxels": 50059,
  "gm_cbf_mean": 65.67456817626953,
  "gm_cbf_std": 32.23867416381836,
  "gm_att_mean": 1335.268798828125,
  "gm_att_std": 456.4768981933594
}