{
  "shape_vector_mean": [
    -0.7086425240260021,
    0.10539211874182088,
    0.47141685290765833,
    0.2919925460298266,
    -0.16015899365330127,
    -1.0297038704446608,
    0.5884786151987367,
    0.7756126937835351,
    0.24885123669643344,
    -0.5832386752340962
  ],
  "shape_vector_std": [
    1.0828558119073413,
    0.866406046810042,
    0.5415225459226128,
    0.7555440532220746,
    1.1661177395873277,
    1.013298227347789,
    0.6127737794813275,
    0.41296911978827816,
    0.6643582593299896,
    0.752385155740394
  ],
  "y_mean_cbf": 60.01370105005148,
  "y_std_cbf": 23.09028644773054,
  "y_mean_att": 1750.502070665923,
  "y_std_att": 721.3696629271815,
  "y_mean_t1": 1849.9847645253387,
  "y_std_t1": 115.4692044009865,
  "scalar_features_mean": [
    0.005952398789066879,
    0.006161259234694321,
    0.002020374975030328,
    0.0012897664317919394,
    0.008582720700001491,
    0.007644386127974033,
    2.3285740000000326,
    1.9398409999999884,
    2.3031767176466826,
    1.989362687704103,
    0.09001607799952568,
    0.09352479355539259
  ],
  "scalar_features_std": [
    0.0038242155461664673,
    0.0027638135372345116,
    0.0010040105316676186,
    0.0005203686797851832,
    0.004955025420651595,
    0.003223138100899679,
    1.3750371364163123,
    0.9132950753830738,
    0.5969293270909121,
    0.2186624478356628,
    0.048313906494641824,
    0.045149402834609345
  ]
}