{
  "cbf_mean": 34.61061477661133,
  "cbf_std": 41.169124603271484,
  "cbf_median": 18.784793853759766,
  "att_mean": 1158.3851318359375,
  "att_std": 344.6456298828125,
  "att_median": 1132.672119140625,
  "n_brain_voxels": 53065,
  "gm_cbf_mean": 72.4630355834961,
  "gm_cbf_std": 34.0031623840332,
  "gm_att_mean": 1171.4840087890625,
  "gm_att_std": 314.5783386230469
}