{
  "pcasl_mean": [
    0.0035629562617781533,
    0.004509166219563748,
    0.004807308023144818,
    0.0047130520751956844,
    0.004378449346655251,
    0.0038297557201142827
  ],
  "pcasl_std": [
    0.005400049640359717,
    0.005489750326053124,
    0.004636806331106355,
    0.0035601965071274805,
    0.002543905811273047,
    0.0018142788703841583
  ],
  "vsasl_mean": [
    0.004727462778428601,
    0.006953491713302312,
    0.007465116743364369,
    0.007045118823140756,
    0.006183028932070388,
    0.005161139771327944
  ],
  "vsasl_std": [
    0.0018349490994553914,
    0.002819509255571041,
    0.0033371531578166736,
    0.003489519470295013,
    0.003357617140837303,
    0.0030259503576175934
  ],
  "y_mean_cbf": 59.790462606824995,
  "y_std_cbf": 23.185051132141137,
  "y_mean_att": 2254.448065616064,
  "y_std_att": 1012.4176340331912,
  "amplitude_mean": 0.020913104924605623,
  "amplitude_std": 0.008605517679357062
}