{
  "cbf_mean": 22.26605224609375,
  "cbf_std": 30.10499382019043,
  "cbf_median": 12.53628921508789,
  "att_mean": 1490.846435546875,
  "att_std": 670.6397094726562,
  "att_median": 1351.9677734375,
  "n_brain_voxels": 51237,
  "gm_cbf_mean": 41.493656158447266,
  "gm_cbf_std": 26.408601760864258,
  "gm_att_mean": 1777.7869873046875,
  "gm_att_std": 574.845458984375
}