{
  "cbf_mean": 25.050268173217773,
  "cbf_std": 32.51338195800781,
  "cbf_median": 13.32421875,
  "att_mean": 1352.5726318359375,
  "att_std": 584.6669311523438,
  "att_median": 1232.5040283203125,
  "n_brain_voxels": 52907,
  "gm_cbf_mean": 48.77003860473633,
  "gm_cbf_std": 28.775129318237305,
  "gm_att_mean": 1507.011474609375,
  "gm_att_std": 506.7563781738281
}