{
  "A_Baseline_SpatialASL": {
    "20231002_MR1_A144": {
      "cbf_mean": 26.036283493041992,
      "cbf_std": 37.36687088012695,
      "cbf_median": 4.844808578491211,
      "att_mean": 1130.685302734375,
      "att_std": 439.0103759765625,
      "att_median": 1071.9630126953125,
      "n_brain_voxels": 57188,
      "gm_cbf_mean": 61.4693489074707,
      "gm_cbf_std": 33.61474609375,
      "gm_att_mean": 1180.7054443359375,
      "gm_att_std": 418.68035888671875
    },
    "20231003_MR1_A142": {
      "cbf_mean": 29.13773536682129,
      "cbf_std": 39.381160736083984,
      "cbf_median": 10.079519271850586,
      "att_mean": 1112.1527099609375,
      "att_std": 436.5174865722656,
      "att_median": 1065.208984375,
      "n_brain_voxels": 58442,
      "gm_cbf_mean": 64.17183685302734,
      "gm_cbf_std": 33.876888275146484,
      "gm_att_mean": 1091.200439453125,
      "gm_att_std": 380.0549011230469
    },
    "20231004_MR1_A151": {
      "cbf_mean": 31.364879608154297,
      "cbf_std": 39.0870475769043,
      "cbf_median": 15.601200103759766,
      "att_mean": 1238.8369140625,
      "att_std": 498.6515808105469,
      "att_median": 1154.99755859375,
      "n_brain_voxels": 50059,
      "gm_cbf_mean": 65.67456817626953,
      "gm_cbf_std": 32.23867416381836,
      "gm_att_mean": 1335.268798828125,
      "gm_att_std": 456.4768981933594
    },
    "20231016_MR1_A147": {
      "cbf_mean": 22.26605224609375,
      "cbf_std": 30.10499382019043,
      "cbf_median": 12.53628921508789,
      "att_mean": 1490.846435546875,
      "att_std": 670.6397094726562,
      "att_median": 1351.9677734375,
      "n_brain_voxels": 51237,
      "gm_cbf_mean": 41.493656158447266,
      "gm_cbf_std": 26.408601760864258,
      "gm_att_mean": 1777.7869873046875,
      "gm_att_std": 574.845458984375
    },
    "20231030_MR1_A152": {
      "cbf_mean": 36.791072845458984,
      "cbf_std": 44.4310302734375,
      "cbf_median": 17.34639549255371,
      "att_mean": 1209.9388427734375,
      "att_std": 463.08612060546875,
      "att_median": 1150.525634765625,
      "n_brain_voxels": 55046,
      "gm_cbf_mean": 80.22274780273438,
      "gm_cbf_std": 36.19223403930664,
      "gm_att_mean": 1209.5648193359375,
      "gm_att_std": 400.4611511230469
    },
    "20231101_MR1_A153": {
      "cbf_mean": 25.050268173217773,
      "cbf_std": 32.51338195800781,
      "cbf_median": 13.32421875,
      "att_mean": 1352.5726318359375,
      "att_std": 584.6669311523438,
      "att_median": 1232.5040283203125,
      "n_brain_voxels": 52907,
      "gm_cbf_mean": 48.77003860473633,
      "gm_cbf_std": 28.775129318237305,
      "gm_att_mean": 1507.011474609375,
      "gm_att_std": 506.7563781738281
    },
    "20240211_MR1_A155": {
      "cbf_mean": 34.61061477661133,
      "cbf_std": 41.169124603271484,
      "cbf_median": 18.784793853759766,
      "att_mean": 1158.3851318359375,
      "att_std": 344.6456298828125,
      "att_median": 1132.672119140625,
      "n_brain_voxels": 53065,
      "gm_cbf_mean": 72.4630355834961,
      "gm_cbf_std": 34.0031623840332,
      "gm_att_mean": 1171.4840087890625,
      "gm_att_std": 314.5783386230469
    },
    "20240216_MR1_A156": {
      "cbf_mean": 23.945812225341797,
      "cbf_std": 33.4954833984375,
      "cbf_median": 13.157665252685547,
      "att_mean": 1474.12646484375,
      "att_std": 700.54833984375,
      "att_median": 1318.5323486328125,
      "n_brain_voxels": 50879,
      "gm_cbf_mean": 43.11726760864258,
      "gm_cbf_std": 33.39798355102539,
      "gm_att_mean": 1780.1519775390625,
      "gm_att_std": 664.8071899414062
    }
  },
  "B_AmplitudeAware": {
    "20231002_MR1_A144": {
      "cbf_mean": 12.474790573120117,
      "cbf_std": 27.979576110839844,
      "cbf_median": 0.0,
      "att_mean": 683.337646484375,
      "att_std": 707.633544921875,
      "att_median": 472.11981201171875,
      "n_brain_voxels": 57188,
      "gm_cbf_mean": 29.432655334472656,
      "gm_cbf_std": 31.683753967285156,
      "gm_att_mean": 1155.699462890625,
      "gm_att_std": 483.6174621582031
    },
    "20231003_MR1_A142": {
      "cbf_mean": 9.916288375854492,
      "cbf_std": 27.607097625732422,
      "cbf_median": 0.0,
      "att_mean": 567.5301513671875,
      "att_std": 710.5513916015625,
      "att_median": 275.6541748046875,
      "n_brain_voxels": 58442,
      "gm_cbf_mean": 22.385786056518555,
      "gm_cbf_std": 32.752906799316406,
      "gm_att_mean": 982.8958129882812,
      "gm_att_std": 510.05877685546875
    },
    "20231004_MR1_A151": {
      "cbf_mean": 17.435304641723633,
      "cbf_std": 30.559926986694336,
      "cbf_median": 0.0,
      "att_mean": 806.0195922851562,
      "att_std": 751.6285400390625,
      "att_median": 694.41015625,
      "n_brain_voxels": 50059,
      "gm_cbf_mean": 37.27367401123047,
      "gm_cbf_std": 31.61054229736328,
      "gm_att_mean": 1270.37060546875,
      "gm_att_std": 520.4998779296875
    },
    "20231016_MR1_A147": {
      "cbf_mean": 11.241079330444336,
      "cbf_std": 23.681596755981445,
      "cbf_median": 0.0,
      "att_mean": 1090.3046875,
      "att_std": 934.3521728515625,
      "att_median": 1037.534912109375,
      "n_brain_voxels": 51237,
      "gm_cbf_mean": 20.92384147644043,
      "gm_cbf_std": 24.27625846862793,
      "gm_att_mean": 1716.87060546875,
      "gm_att_std": 629.289306640625
    },
    "20231030_MR1_A152": {
      "cbf_mean": 19.65778923034668,
      "cbf_std": 33.861995697021484,
      "cbf_median": 0.0,
      "att_mean": 742.1250610351562,
      "att_std": 706.1892700195312,
      "att_median": 624.2626953125,
      "n_brain_voxels": 55046,
      "gm_cbf_mean": 45.2641487121582,
      "gm_cbf_std": 37.61964416503906,
      "gm_att_mean": 1072.6639404296875,
      "gm_att_std": 499.25408935546875
    },
    "20231101_MR1_A153": {
      "cbf_mean": 13.90184211730957,
      "cbf_std": 26.0418643951416,
      "cbf_median": 0.0,
      "att_mean": 971.7823486328125,
      "att_std": 803.2989501953125,
      "att_median": 944.20849609375,
      "n_brain_voxels": 52907,
      "gm_cbf_mean": 27.077478408813477,
      "gm_cbf_std": 27.228544235229492,
      "gm_att_mean": 1484.0631103515625,
      "gm_att_std": 530.5693359375
    },
    "20240211_MR1_A155": {
      "cbf_mean": 17.194257736206055,
      "cbf_std": 30.151371002197266,
      "cbf_median": 0.0,
      "att_mean": 766.7604370117188,
      "att_std": 611.211181640625,
      "att_median": 775.515625,
      "n_brain_voxels": 53065,
      "gm_cbf_mean": 36.55558395385742,
      "gm_cbf_std": 33.68313217163086,
      "gm_att_mean": 1116.199951171875,
      "gm_att_std": 416.5566101074219
    },
    "20240216_MR1_A156": {
      "cbf_mean": 8.298434257507324,
      "cbf_std": 23.974021911621094,
      "cbf_median": 0.0,
      "att_mean": 1023.8963623046875,
      "att_std": 981.7918701171875,
      "att_median": 912.7607421875,
      "n_brain_voxels": 50879,
      "gm_cbf_mean": 15.181635856628418,
      "gm_cbf_std": 28.128074645996094,
      "gm_att_mean": 1656.3934326171875,
      "gm_att_std": 769.4534301757812
    }
  }
}