{
  "cbf_mean": 9.916288375854492,
  "cbf_std": 27.607097625732422,
  "cbf_median": 0.0,
  "att_mean": 567.5301513671875,
  "att_std": 710.5513916015625,
  "att_median": 275.6541748046875,
  "n_brain_voxels": 58442,
  "gm_cbf_mean": 22.385786056518555,
  "gm_cbf_std": 32.752906799316406,
  "gm_att_mean": 982.8958129882812,
  "gm_att_std": 510.05877685546875
}