{
  "cbf_mean": 29.13773536682129,
  "cbf_std": 39.381160736083984,
  "cbf_median": 10.079519271850586,
  "att_mean": 1112.1527099609375,
  "att_std": 436.5174865722656,
  "att_median": 1065.208984375,
  "n_brain_voxels": 58442,
  "gm_cbf_mean": 64.17183685302734,
  "gm_cbf_std": 33.876888275146484,
  "gm_att_mean": 1091.200439453125,
  "gm_att_std": 380.0549011230469
}