{
  "experiment": "14_ATT_Rebalanced",
  "model_path": "/Users/adikondepudi/Desktop/asl-multiverse/amplitude_ablation_v2/14_ATT_Rebalanced",
  "ls_params": {
    "T1_artery": 1650.0,
    "T_tau": 1800.0,
    "alpha_PCASL": 0.85,
    "alpha_VSASL": 0.56,
    "T2_factor": 1.0,
    "alpha_BS1": 1.0
  },
  "snr_results": {
    "10": {
      "snr": 10,
      "nn": {
        "cbf_mae": 5.891294956207275,
        "cbf_mae_ci": [
          5.860833644866943,
          5.920492172241211
        ],
        "cbf_bias": -5.88339900970459,
        "att_mae": 41.119232177734375,
        "att_mae_ci": [
          39.71904754638672,
          42.60553741455078
        ],
        "att_bias": -26.7874755859375,
        "n_voxels": 40920
      },
      "ls": {
        "cbf_mae": 0.8668009505828842,
        "cbf_mae_ci": [
          0.7930898794053116,
          0.9393563142967998
        ],
        "cbf_bias": -0.373871589139504,
        "att_mae": 44.60570337970757,
        "att_mae_ci": [
          40.975502656962796,
          48.018820640590526
        ],
        "att_bias": -16.72405948393556,
        "n_voxels": 4096
      },
      "comparison": {
        "cbf_win_rate": 0.033447265625,
        "cbf_win_rate_ci": [
          0.0283203125,
          0.038818359375
        ],
        "att_win_rate": 0.612060546875,
        "att_win_rate_ci": [
          0.59716796875,
          0.626708984375
        ],
        "cbf_wilcoxon": {
          "p_value": 0.0,
          "statistic": 42590.0,
          "effect_size": -1.7784252951049415,
          "n": 4096
        },
        "att_wilcoxon": {
          "p_value": 1.1558048032680624e-55,
          "statistic": 3005731.0,
          "effect_size": 0.046739387192156416,
          "n": 4096
        }
      },
      "smoothed_ls": {
        "sigma_2.0": {
          "cbf_mae": 3.253654893425204,
          "cbf_mae_ci": [
            3.1078729068624127,
            3.3872087043697396
          ],
          "att_mae": 70.9411740770114,
          "att_mae_ci": [
            66.15970017683647,
            75.88200211782039
          ],
          "cbf_win_rate": 0.23486328125,
          "cbf_win_rate_ci": [
            0.2216796875,
            0.247320556640625
          ],
          "att_win_rate": 0.56396484375,
          "att_win_rate_ci": [
            0.548333740234375,
            0.579351806640625
          ],
          "n_voxels": 4096
        }
      },
      "tissue_stratified": {
        "gray_matter": {
          "nn_cbf_mae": 7.505681037902832,
          "nn_cbf_mae_ci": [
            7.492293357849121,
            7.519219875335693
          ],
          "nn_cbf_bias": -7.505681037902832,
          "nn_att_mae": 11.661643981933594,
          "nn_att_mae_ci": [
            11.21126651763916,
            12.114952087402344
          ],
          "nn_att_bias": -3.465425968170166,
          "n_voxels": 17594,
          "mean_true_cbf": 59.34034729003906,
          "mean_true_att": 1380.404052734375
        },
        "white_matter": {
          "nn_cbf_mae": 2.840857982635498,
          "nn_cbf_mae_ci": [
            2.8233237266540527,
            2.859018564224243
          ],
          "nn_cbf_bias": -2.840857982635498,
          "nn_att_mae": 20.025190353393555,
          "nn_att_mae_ci": [
            19.682506561279297,
            20.397554397583008
          ],
          "nn_att_bias": 3.5981950759887695,
          "n_voxels": 8562,
          "mean_true_cbf": 22.62002182006836,
          "mean_true_att": 1506.8299560546875
        },
        "pathology": {
          "nn_cbf_mae": 9.440616607666016,
          "nn_cbf_mae_ci": [
            9.287125587463379,
            9.596802711486816
          ],
          "nn_cbf_bias": -9.43741226196289,
          "nn_att_mae": 293.3961181640625,
          "nn_att_mae_ci": [
            280.1064453125,
            307.254638671875
          ],
          "nn_att_bias": -282.54248046875,
          "n_voxels": 3624,
          "mean_true_cbf": 50.872310638427734,
          "mean_true_att": 1600.060302734375
        },
        "boundary": {
          "nn_cbf_mae": 4.859585285186768,
          "nn_cbf_mae_ci": [
            4.813479423522949,
            4.902016639709473
          ],
          "nn_cbf_bias": -4.853733539581299,
          "nn_att_mae": 17.894155502319336,
          "nn_att_mae_ci": [
            17.338176727294922,
            18.53636360168457
          ],
          "nn_att_bias": -1.8180232048034668,
          "n_voxels": 10288,
          "mean_true_cbf": 38.730262756347656,
          "mean_true_att": 1319.1427001953125
        }
      }
    }
  },
  "config": {
    "snr_values": [
      10
    ],
    "n_phantoms": {
      "10": 10
    },
    "smooth_sigmas": [
      2.0
    ],
    "phantom_size": 64
  },
  "runtime_seconds": 46.54182314872742
}