{
  "model_dir": "/home/akondep1/asl-multiverse/amplitude_ablation_v7/B_AmplitudeAware",
  "model_class": "AmplitudeAwareSpatialASLNet",
  "n_phantoms": 100,
  "ls_subsample": 0.2,
  "summary": {
    "snr_2": {
      "nn_cbf_nBias": 21.139576159715652,
      "nn_cbf_CoV": 33.258766708374026,
      "nn_cbf_nRMSE": 40.70960111618042,
      "nn_cbf_MAE": 21.610904116630554,
      "nn_att_nBias": -3.659175738375634,
      "nn_att_CoV": 24.92769910812378,
      "nn_att_nRMSE": 27.05919599533081,
      "nn_att_MAE": 320.83998977661133,
      "ls_cbf_nBias": 15.331344691784228,
      "ls_cbf_CoV": 18.00556946982829,
      "ls_cbf_nRMSE": 23.773879318666857,
      "ls_cbf_MAE": 12.981803953898503,
      "ls_att_nBias": -3.6849326276186245,
      "ls_att_CoV": 29.99411783673318,
      "ls_att_nRMSE": 32.84268013486299,
      "ls_att_MAE": 409.2868354407554,
      "cbf_win_rate": 29.158730158730158,
      "att_win_rate": 63.443223443223445
    },
    "snr_3": {
      "nn_cbf_nBias": 13.740415804572404,
      "nn_cbf_CoV": 23.26786575317383,
      "nn_cbf_nRMSE": 28.302630023956297,
      "nn_cbf_MAE": 14.920364756584167,
      "nn_att_nBias": -1.328336139842868,
      "nn_att_CoV": 21.965385007858277,
      "nn_att_nRMSE": 23.639364151954652,
      "nn_att_MAE": 256.08699577331544,
      "ls_cbf_nBias": 7.559949024698545,
      "ls_cbf_CoV": 12.078493477756735,
      "ls_cbf_nRMSE": 14.363953675477248,
      "ls_cbf_MAE": 7.702375452630991,
      "ls_att_nBias": -1.957243615709962,
      "ls_att_CoV": 26.464277074415982,
      "ls_att_nRMSE": 28.505554121141135,
      "ls_att_MAE": 323.3158286635921,
      "cbf_win_rate": 26.039072039072035,
      "att_win_rate": 61.41391941391941
    },
    "snr_5": {
      "nn_cbf_nBias": 9.825820581540466,
      "nn_cbf_CoV": 15.181125478744507,
      "nn_cbf_nRMSE": 19.198707504272463,
      "nn_cbf_MAE": 10.01176882982254,
      "nn_att_nBias": 0.5474539864063263,
      "nn_att_CoV": 18.516469376087187,
      "nn_att_nRMSE": 19.76987295627594,
      "nn_att_MAE": 190.06453407287597,
      "ls_cbf_nBias": 3.0638572522069647,
      "ls_cbf_CoV": 7.1645161279979614,
      "ls_cbf_nRMSE": 7.86999610750458,
      "ls_cbf_MAE": 4.167078150848853,
      "ls_att_nBias": 0.04443741070526395,
      "ls_att_CoV": 22.581736079112662,
      "ls_att_nRMSE": 23.94092463448843,
      "ls_att_MAE": 235.57065327940944,
      "cbf_win_rate": 22.59096459096459,
      "att_win_rate": 58.51404151404151
    },
    "snr_10": {
      "nn_cbf_nBias": 6.300002889409662,
      "nn_cbf_CoV": 9.134684514999389,
      "nn_cbf_nRMSE": 13.093414058685303,
      "nn_cbf_MAE": 7.001941903829574,
      "nn_att_nBias": 1.4813704951107503,
      "nn_att_CoV": 14.170193297863007,
      "nn_att_nRMSE": 15.030531458854675,
      "nn_att_MAE": 125.04335636138916,
      "ls_cbf_nBias": 0.864479784724777,
      "ls_cbf_CoV": 3.549632506993878,
      "ls_cbf_nRMSE": 3.688561980378842,
      "ls_cbf_MAE": 1.919552834368413,
      "ls_att_nBias": 1.413148852502642,
      "ls_att_CoV": 17.39610701658704,
      "ls_att_nRMSE": 18.178487408273032,
      "ls_att_MAE": 147.83702530896718,
      "cbf_win_rate": 19.1001221001221,
      "att_win_rate": 52.593406593406606
    },
    "snr_15": {
      "nn_cbf_nBias": 4.642061364091933,
      "nn_cbf_CoV": 7.403555784225464,
      "nn_cbf_nRMSE": 12.28299750804901,
      "nn_cbf_MAE": 6.7059246969223025,
      "nn_att_nBias": 1.544560412429273,
      "nn_att_CoV": 12.042692621946335,
      "nn_att_nRMSE": 12.715770468711852,
      "nn_att_MAE": 98.60449142456055,
      "ls_cbf_nBias": 0.3875361768885452,
      "ls_cbf_CoV": 2.4192829217034997,
      "ls_cbf_nRMSE": 2.471487359761577,
      "ls_cbf_MAE": 1.2474664125294725,
      "ls_att_nBias": 1.6883991221798305,
      "ls_att_CoV": 14.384105440269211,
      "ls_att_nRMSE": 14.939421620479628,
      "ls_att_MAE": 109.12721468173768,
      "cbf_win_rate": 15.813186813186812,
      "att_win_rate": 48.68742368742368
    },
    "snr_25": {
      "nn_cbf_nBias": 2.7150092117488382,
      "nn_cbf_CoV": 6.513099853992462,
      "nn_cbf_nRMSE": 12.887814855575561,
      "nn_cbf_MAE": 7.2732358214259145,
      "nn_att_nBias": 1.060237587224692,
      "nn_att_CoV": 9.272005733251572,
      "nn_att_nRMSE": 9.735612742304802,
      "nn_att_MAE": 72.46189546585083,
      "ls_cbf_nBias": 0.11449166879428967,
      "ls_cbf_CoV": 1.5481821263621705,
      "ls_cbf_nRMSE": 1.5648709220043637,
      "ls_cbf_MAE": 0.7400409811778966,
      "ls_att_nBias": 1.486876856395426,
      "ls_att_CoV": 10.664671821179663,
      "ls_att_nRMSE": 11.006587887135879,
      "ls_att_MAE": 71.93335065823727,
      "cbf_win_rate": 9.827838827838827,
      "att_win_rate": 42.11477411477411
    }
  }
}