{
  "cbf_mean": 8.298434257507324,
  "cbf_std": 23.974021911621094,
  "cbf_median": 0.0,
  "att_mean": 1023.8963623046875,
  "att_std": 981.7918701171875,
  "att_median": 912.7607421875,
  "n_brain_voxels": 50879,
  "gm_cbf_mean": 15.181635856628418,
  "gm_cbf_std": 28.128074645996094,
  "gm_att_mean": 1656.3934326171875,
  "gm_att_std": 769.4534301757812
}