{
  "cbf_mean": 23.945812225341797,
  "cbf_std": 33.4954833984375,
  "cbf_median": 13.157665252685547,
  "att_mean": 1474.12646484375,
  "att_std": 700.54833984375,
  "att_median": 1318.5323486328125,
  "n_brain_voxels": 50879,
  "gm_cbf_mean": 43.11726760864258,
  "gm_cbf_std": 33.39798355102539,
  "gm_att_mean": 1780.1519775390625,
  "gm_att_std": 664.8071899414062
}