{
    "MAE_CBF": 2.070501335144043,
    "MAE_ATT": 341.70878613281246,
    "RMSE_CBF": 2.496522701422113,
    "RMSE_ATT": 432.04410986695814,
    "RelError_CBF": 0.10352506675720216,
    "RelError_ATT": 0.10672117873291845
}