{
    "MAE_CBF": 1.3358222465515137,
    "MAE_ATT": 360.7154128417968,
    "RMSE_CBF": 1.618457112751224,
    "RMSE_ATT": 452.02369171480586,
    "RelError_CBF": 0.06679111232757569,
    "RelError_ATT": 0.11237048377760746
}