{
    "MAE_CBF": 0.6321988945007324,
    "MAE_ATT": 317.0814327392578,
    "RMSE_CBF": 0.7227354567762081,
    "RMSE_ATT": 407.18340615556764,
    "RelError_CBF": 0.03160994472503662,
    "RelError_ATT": 0.1615786583697912
}