{
    "MAE_CBF": 0.2957902488708496,
    "MAE_ATT": 284.01007000054256,
    "RMSE_CBF": 0.3735332998504568,
    "RMSE_ATT": 370.986486278447,
    "RelError_CBF": 0.014789512443542482,
    "RelError_ATT": 0.1437231985739781
}