{
    "MAE_CBF": 0.4314816703796387,
    "MAE_ATT": 239.95362027486163,
    "RMSE_CBF": 0.5184557991552079,
    "RMSE_ATT": 312.92374074554743,
    "RelError_CBF": 0.021574083518981938,
    "RelError_ATT": 0.2731851060612903
}