{
    "MAE_CBF": 1.5599499626159667,
    "MAE_ATT": 301.7069611952039,
    "RMSE_CBF": 1.85713894820485,
    "RMSE_ATT": 399.6359391565249,
    "RelError_CBF": 0.07799749813079834,
    "RelError_ATT": 0.15114723412096526
}