{
    "MAE_CBF": 0.5245053062438965,
    "MAE_ATT": 305.9695510253906,
    "RMSE_CBF": 0.667317759765424,
    "RMSE_ATT": 395.87004066561707,
    "RelError_CBF": 0.02622526531219482,
    "RelError_ATT": 0.1541557591132192
}