{
    "MAE_CBF": 0.004299907684326172,
    "MAE_ATT": 322.4978013644748,
    "RMSE_CBF": 0.005093123491177397,
    "RMSE_ATT": 421.59175545058025,
    "RelError_CBF": 0.0002149953842163086,
    "RelError_ATT": 0.16153310417212677
}