{
    "MAE_CBF": 1.9122832832336425,
    "MAE_ATT": 189.21844900512696,
    "RMSE_CBF": 2.4488684832598344,
    "RMSE_ATT": 247.3099700397421,
    "RelError_CBF": 0.09561416416168214,
    "RelError_ATT": 0.21063749208791888
}