{
    "MAE_CBF": 1.356905990600586,
    "MAE_ATT": 343.6699530436197,
    "RMSE_CBF": 1.6551029963915564,
    "RMSE_ATT": 431.59571494226896,
    "RelError_CBF": 0.0678452995300293,
    "RelError_ATT": 0.10574537734157602
}