{
    "MAE_CBF": 1.278951847076416,
    "MAE_ATT": 297.7614592827691,
    "RMSE_CBF": 1.4933261557319752,
    "RMSE_ATT": 384.66815846812364,
    "RelError_CBF": 0.0639475923538208,
    "RelError_ATT": 0.14949455060480726
}