{
    "MAE_CBF": 1.1106738014221191,
    "MAE_ATT": 316.1628021240234,
    "RMSE_CBF": 1.3056234470545156,
    "RMSE_ATT": 418.61223942270095,
    "RelError_CBF": 0.05553369007110596,
    "RelError_ATT": 0.15795785070416282
}