{
    "MAE_CBF": 0.010009769439697266,
    "MAE_ATT": 342.66710514322915,
    "RMSE_CBF": 0.010596058198271295,
    "RMSE_ATT": 435.8083422015826,
    "RelError_CBF": 0.0005004884719848632,
    "RelError_ATT": 0.10577213623097183
}