{
    "MAE_CBF": 1.3547213020324707,
    "MAE_ATT": 340.4256100260416,
    "RMSE_CBF": 1.5698808808645603,
    "RMSE_ATT": 435.75572168448906,
    "RelError_CBF": 0.06773606510162353,
    "RelError_ATT": 0.17000460072911283
}