{
    "MAE_CBF": 1.4343178253173827,
    "MAE_ATT": 353.39986151801213,
    "RMSE_CBF": 1.6686304455876302,
    "RMSE_ATT": 460.55098043230277,
    "RelError_CBF": 0.07171589126586915,
    "RelError_ATT": 0.1752278194396248
}