{
    "MAE_CBF": 1.5174310569763183,
    "MAE_ATT": 222.83215470208063,
    "RMSE_CBF": 1.5966373855533316,
    "RMSE_ATT": 290.34290753706654,
    "RelError_CBF": 0.07587155284881593,
    "RelError_ATT": 0.24348830166460625
}