{
    "MAE_CBF": 1.3770308818817139,
    "MAE_ATT": 312.31035160319004,
    "RMSE_CBF": 1.744022307816755,
    "RMSE_ATT": 399.3961774407403,
    "RelError_CBF": 0.0688515440940857,
    "RelError_ATT": 0.15521525188448496
}