{
    "MAE_CBF": 1.4233923263549804,
    "MAE_ATT": 345.72813671874997,
    "RMSE_CBF": 1.7896536093653561,
    "RMSE_ATT": 434.67144925350107,
    "RelError_CBF": 0.07116961631774901,
    "RelError_ATT": 0.10652318606112444
}