{
    "MAE_CBF": 3.9627041702270507,
    "MAE_ATT": 194.29807912190756,
    "RMSE_CBF": 4.198085650044273,
    "RMSE_ATT": 252.61260459736525,
    "RelError_CBF": 0.19813520851135252,
    "RelError_ATT": 0.2120045670283743
}