{
    "MAE_CBF": 2.4275945472717284,
    "MAE_ATT": 207.90699060058594,
    "RMSE_CBF": 2.746459767978974,
    "RMSE_ATT": 264.9196219145892,
    "RelError_CBF": 0.12137972736358643,
    "RelError_ATT": 0.223692852711186
}