{
    "MAE_CBF": 0.008219287872314454,
    "MAE_ATT": 205.13167288547095,
    "RMSE_CBF": 0.009269047597366797,
    "RMSE_ATT": 263.29260060753717,
    "RelError_CBF": 0.0004109643936157227,
    "RelError_ATT": 0.2242606806711266
}