{
    "MAE_CBF": 0.2834346008300781,
    "MAE_ATT": 355.513217203776,
    "RMSE_CBF": 0.3586493796794442,
    "RMSE_ATT": 446.3809249065478,
    "RelError_CBF": 0.014171730041503907,
    "RelError_ATT": 0.10826430219083244
}