{
    "MAE_CBF": 1.38136661529541,
    "MAE_ATT": 362.8796478678385,
    "RMSE_CBF": 1.7244623160139132,
    "RMSE_ATT": 449.69798371820525,
    "RelError_CBF": 0.06906833076477051,
    "RelError_ATT": 0.1122451389707552
}