{
    "MAE_CBF": 1.3735333042144775,
    "MAE_ATT": 211.99356561279296,
    "RMSE_CBF": 1.913705208151736,
    "RMSE_ATT": 276.88379918043535,
    "RelError_CBF": 0.06867666521072388,
    "RelError_ATT": 0.23202239870118757
}