{
    "MAE_CBF": 0.8335451679229736,
    "MAE_ATT": 353.01946573893224,
    "RMSE_CBF": 1.0724314039577343,
    "RMSE_ATT": 450.0643416275247,
    "RelError_CBF": 0.041677258396148685,
    "RelError_ATT": 0.1073617152328355
}