{
    "MAE_CBF": 1.235702220916748,
    "MAE_ATT": 345.52951643880203,
    "RMSE_CBF": 1.4946822080117204,
    "RMSE_ATT": 430.8171898521419,
    "RelError_CBF": 0.06178511104583741,
    "RelError_ATT": 0.10680224775823945
}