{
    "MAE_CBF": 1.5349126434326172,
    "MAE_ATT": 314.52454112413193,
    "RMSE_CBF": 1.706455264725289,
    "RMSE_ATT": 407.03026594315907,
    "RelError_CBF": 0.07674563217163086,
    "RelError_ATT": 0.15759414268976218
}