{
    "MAE_CBF": 1.1502654418945313,
    "MAE_ATT": 292.4660231797961,
    "RMSE_CBF": 1.3044888496446803,
    "RMSE_ATT": 383.14620359080413,
    "RelError_CBF": 0.05751327209472656,
    "RelError_ATT": 0.14788866366923026
}