{
    "MAE_CBF": 0.5424474029541015,
    "MAE_ATT": 344.1179714355468,
    "RMSE_CBF": 0.6139432718299237,
    "RMSE_ATT": 435.40015721693334,
    "RelError_CBF": 0.02712237014770508,
    "RelError_ATT": 0.10618589510800387
}