{
    "MAE_CBF": 1.3810304336547852,
    "MAE_ATT": 212.11899340142145,
    "RMSE_CBF": 1.893502673000435,
    "RMSE_ATT": 275.75279377954746,
    "RelError_CBF": 0.06905152168273926,
    "RelError_ATT": 0.22870664395867255
}