{
    "MAE_CBF": 1.4626650238037109,
    "MAE_ATT": 350.78098543294266,
    "RMSE_CBF": 1.9159770108030347,
    "RMSE_ATT": 448.05232705393763,
    "RelError_CBF": 0.07313325119018554,
    "RelError_ATT": 0.10715291084609788
}