{
    "MAE_CBF": 1.3330242614746093,
    "MAE_ATT": 343.4100298665364,
    "RMSE_CBF": 1.4621907439723194,
    "RMSE_ATT": 424.1505264453699,
    "RelError_CBF": 0.06665121307373048,
    "RelError_ATT": 0.10789909740052563
}