{
    "MAE_CBF": 2.5527537956237794,
    "MAE_ATT": 204.873936319987,
    "RMSE_CBF": 2.9169279700809825,
    "RMSE_ATT": 263.0261398893086,
    "RelError_CBF": 0.12763768978118895,
    "RelError_ATT": 0.21938256770558368
}