{
    "MAE_CBF": 2.8224890308380126,
    "MAE_ATT": 181.23680704752607,
    "RMSE_CBF": 3.0687824164502504,
    "RMSE_ATT": 239.78041382095594,
    "RelError_CBF": 0.14112445154190065,
    "RelError_ATT": 0.19349607306263356
}