{
    "MAE_CBF": 0.9864903678894043,
    "MAE_ATT": 213.79805033069186,
    "RMSE_CBF": 1.0384978989921407,
    "RMSE_ATT": 282.95643531309645,
    "RelError_CBF": 0.04932451839447022,
    "RelError_ATT": 0.23454438776116251
}