{
    "MAE_CBF": 2.667627733230591,
    "MAE_ATT": 203.16696856689452,
    "RMSE_CBF": 3.298756014344623,
    "RMSE_ATT": 261.7264631153442,
    "RelError_CBF": 0.13338138666152954,
    "RelError_ATT": 0.2197381252735819
}